,COST
0,1089.4
1,458.3
2,680.2
3,971.0
4,276.82
5,324.3
6,624.8
7,895.1
8,472.6
9,707.3
10,417.6
11,336.2
12,1926.3
13,1636.4
14,943.2
15,585.9
16,401.5
17,501.3
18,154.7
19,362.538
20,632.5
21,564.15
22,1356.7
23,380.2
24,393.03833333333336
25,333.0
26,1098.0
27,664.9
28,891.9
29,434.85333333333335
30,193.406
31,1524.4
32,706.5
33,741.82
34,601.0
35,656.2
36,1078.34
37,241.64366666666666
38,291.0
39,1606.8
40,792.8
41,728.3
42,397.3
43,791.1
44,1451.3
45,341.6
46,334.6
47,341.886
48,1454.6
49,661.6
50,469.7
51,396.1
52,964.2
53,363.7
54,1466.0
55,414.3
56,329.1
57,1642.5
58,318.1
59,422.8
60,415.82
61,569.5
62,681.4
63,277.16833333333335
64,687.3
65,317.9
66,282.94938672438684
67,1676.4
68,1320.1
69,169.66
70,358.2
71,324.1
72,887.0
73,266.88190066632717
74,260.66666666666663
75,800.2
76,469.18
77,501.2
78,353.575
79,898.4
80,689.8
81,734.4
82,671.1
83,1212.5
84,527.5
85,337.6
86,1195.1
87,790.9
88,459.9
89,415.6
90,351.5
91,859.2
92,360.9
93,302.638
94,261.7214285714286
95,413.1
96,1436.5
97,754.9
98,1850.9
99,490.4
100,328.6
101,634.3
102,490.1
103,306.34
104,373.2
105,436.2
106,1245.0
107,409.4
108,287.63526545024604
109,680.0
110,327.42
111,335.5
112,320.0
113,720.16
114,362.11
115,732.04
116,336.9
117,332.7
118,506.5
119,539.9
120,535.4
121,1684.6
122,429.7
123,459.0
124,326.4
125,403.4
126,383.6
127,262.7
128,631.2
129,431.14
130,437.6083333333333
131,3017.9
132,307.0
133,365.6
134,971.2
135,196.3
136,665.5
137,423.2
138,820.8
139,407.2
140,264.6
141,236.34
142,735.7
143,2900.8
144,433.5
145,205.4
146,529.7
147,489.3
148,165.3
149,680.06
150,433.6666666666667
151,523.2
152,1079.4
153,689.2
154,379.8
155,605.4
156,687.6
157,442.2
158,728.1
159,264.4
160,576.6745137085136
161,325.105
162,292.7
163,403.8
164,516.9
165,702.3
166,1387.7
167,645.1
168,256.56190476190477
169,330.4
170,514.5
171,242.64
172,496.14
173,499.3
174,725.4
175,1046.5
176,380.8
177,319.4
178,443.8
179,576.1
180,967.3
181,380.9
182,495.5
183,1492.4
184,439.5
185,346.7
186,331.2952380952381
187,1143.2
188,377.04
189,533.5
190,363.7
191,939.4
192,341.6
193,435.48
194,346.19666666666666
195,311.68
196,886.8
197,661.9
198,236.4
199,530.1
200,762.7
201,938.8
202,611.9
203,277.3
204,659.4
205,255.58
206,410.6
207,485.3
208,479.0
209,1196.0
210,728.5
211,250.66
212,224.12
213,356.2
214,3016.1
215,392.4
216,254.34
217,299.2
218,855.82
219,387.1
220,436.8
221,501.3
222,2944.2
223,443.9
224,607.4
225,656.1
226,690.8
227,925.7
228,274.4
229,1003.2
230,450.84
231,616.8666666666667
232,626.2
233,526.6
234,519.8
235,505.58
236,1000.4
237,344.4
238,314.46
239,526.04
240,1115.8
241,329.7
242,312.3
243,413.9
244,932.3
245,436.1
246,3191.4
247,590.3
248,407.6
249,1250.8
250,441.5
251,261.19666666666666
252,1593.7
253,291.2
254,282.8
255,327.8
256,1691.6
257,307.47366666666665
258,311.1316666666666
259,369.3
260,664.06
261,972.11
262,279.5042857142857
263,262.7
264,2977.0
265,644.8
266,244.5
267,450.6
268,336.6
269,288.74
270,972.3
271,1002.0
272,333.0
273,589.56
274,427.12
275,1499.7
276,686.5
277,256.66
278,652.2
279,1198.8
280,481.2
281,633.8
282,1211.0
283,417.8
284,218.8
285,340.1
286,280.7
287,3554.4
288,722.0
289,293.8
290,806.7
291,1301.8
292,2652.8
293,524.9
294,510.6
295,356.8
296,293.08
297,576.0
298,350.2
299,899.2
300,265.4
301,1093.5
302,918.3
303,467.7
304,809.1
305,460.28
306,682.18
307,1095.8
308,522.9
309,345.3
310,526.5
311,295.0566666666666
312,754.3
313,201.0
314,321.4
315,404.1
316,655.2
317,396.76
318,661.7
319,315.1
320,671.3
321,1177.0
322,994.5
323,716.1
324,337.5
325,823.2
326,673.75
327,274.3
328,881.6
329,588.4
330,2812.6
331,297.1
332,1320.9
333,823.2
334,312.26
335,304.298
336,761.9
337,449.5
338,285.66
339,317.1
340,542.1
341,630.9
342,982.2
343,409.0
344,315.153841991342
345,1200.4
346,164.9
347,777.9
348,702.8
349,543.2
350,1407.1
351,325.4
352,919.7
353,725.5
354,565.0
355,373.1
356,1486.2
357,643.2
358,891.42
359,360.3181818181818
360,348.9638095238096
361,619.6
362,408.0
363,1232.5
364,471.6
365,348.3
366,1463.0
367,328.4
368,514.16
369,547.18
370,820.4
371,369.6
372,315.2
373,673.6
374,1227.7
375,517.2333333333333
376,1359.4
377,3724.2
378,200.76
379,839.0
380,637.7
381,878.5
382,646.0
383,558.8
384,1041.5
385,1219.5
386,227.5
387,281.0
388,746.7
389,3511.8
390,301.2
391,321.44
392,336.8633333333333
393,455.9
394,1311.4
395,420.5
396,653.8
397,763.3
398,277.7
399,329.7616666666667
400,619.4
401,295.4
402,425.6
403,1089.6
404,828.9
405,337.6
406,320.32409451659436
407,346.5
408,357.59
409,820.6
410,350.3083333333334
411,468.6
412,191.7
413,458.09999999999997
414,1064.6
415,530.6
416,195.1
417,614.46
418,616.1
419,244.66000000000003
420,312.0
421,537.7
422,234.4
423,1604.1
424,353.9
425,520.6
426,1441.998
427,404.73
428,570.05
429,332.94047619047626
430,357.9
431,244.3
432,676.6
433,483.95
434,627.955
435,394.7
436,828.3
437,434.9
438,299.2
439,236.0
440,1413.6
441,445.9
442,1002.1
443,388.2
444,736.2
445,322.2778961376602
446,486.2
447,677.1
448,806.1
449,754.8
450,694.1
451,241.22
452,704.5
453,588.9
454,1014.7
455,646.3
456,456.6
457,610.6
458,411.4
459,337.1
460,219.56
461,409.8
462,294.4
463,436.44
464,1175.2
465,498.5429761904762
466,1092.3
467,651.1
468,339.3
469,351.8
470,459.8
471,387.1
472,336.7
473,389.0
474,679.5
475,547.8
476,272.4
477,452.7
478,932.0
479,1393.7
480,329.4
481,239.72
482,510.4
483,555.6
484,563.7
485,545.2
486,520.8464761904762
487,791.2
488,417.5
489,384.2
490,697.4
491,263.88
492,757.6
493,601.6
494,480.9
495,575.6
496,446.4
497,947.4
498,948.6
499,569.7
500,622.7
501,913.4
502,462.4
503,435.7
504,341.25988095238097
505,320.0
506,822.0
507,1441.2
508,381.14166666666665
509,405.2
510,473.1
511,1105.8
512,975.3
513,475.8
514,416.3
515,418.4
516,1116.6
517,244.51
518,651.6
519,327.3767063492065
520,212.9
521,417.2
522,1710.6
523,805.7
524,276.5
525,663.8
526,757.7
527,564.12
528,496.7
529,665.9
530,562.9
531,891.9
532,822.66
533,1013.0
534,1376.0
535,378.6
536,807.7
537,511.95
538,2260.6
539,744.7
540,641.3
541,772.5
542,990.5
543,285.2
544,1118.4
545,1534.0
546,499.2
547,558.7685714285714
548,775.3
549,2716.8
550,884.6
551,340.31666666666666
552,351.1
553,648.0
554,1132.2
555,324.5
556,242.34
557,494.58
558,349.4
559,776.7
560,1194.5
561,722.0
562,336.4
563,814.4
564,262.66
565,1761.0
566,949.3
567,1547.2
568,200.7
569,498.5
570,1103.7
571,414.2
572,3003.4
573,861.8
574,365.70000000000005
575,355.8
576,274.8
577,639.2
578,413.7
579,200.3
580,1250.7
581,720.9
582,332.0
583,584.88
584,327.4
585,1482.9
586,624.1
587,364.86
588,539.4
589,653.7083333333333
590,336.0
591,368.5
592,464.56
593,799.5
594,266.88190066632717
595,1030.6
596,1014.6
597,218.72
598,274.78
599,269.8
600,406.8
601,489.0
602,382.74
603,1025.7
604,3173.6
605,298.54
606,950.1
607,722.6
608,289.88666666666666
609,676.0
610,441.6666666666667
611,982.5
612,1895.0
613,771.7
614,2992.2
615,1085.6
616,305.62666666666667
617,378.4
618,389.4
619,462.5
620,181.3
621,329.4
622,1046.2
623,393.2
624,755.1
625,611.99
626,2442.5
627,717.9
628,709.1
629,954.4
630,1522.3
631,620.3
632,280.6196825396827
633,630.4
634,1209.898
635,357.6
636,931.4
637,358.8
638,382.3
639,557.0
640,457.7
641,383.95
642,288.32
643,379.1
644,1686.0
645,537.01
646,373.2
647,1038.12
648,482.1
649,1581.9
650,407.0
651,738.9
652,629.9166666666667
653,237.8
654,258.06142857142856
655,402.2
656,1661.2
657,378.1
658,989.2
659,537.05
660,377.43
661,441.3
662,442.5
663,319.3
664,320.76
665,263.075
666,377.5
667,306.2
668,286.53488095238083
669,515.7
670,335.2266666666667
671,268.8566666666666
672,548.2
673,675.1
674,530.38
675,420.6
676,709.0
677,424.6
678,673.6
679,561.72
680,721.6
681,792.2
682,451.6
683,1331.1
684,309.6
685,355.4
686,234.86
687,1624.1
688,983.7
689,1011.1
690,445.1
691,555.5
692,1451.2
693,302.1
694,279.72
695,297.0
696,403.1
697,329.16
698,236.3
699,428.2
700,855.5
701,330.69047619047626
702,738.0
703,387.6
704,372.88
705,878.6
706,381.9
707,434.0
708,1207.4
709,259.3
710,381.9
711,413.5
712,480.1
713,895.6
714,1222.2
715,361.1
716,794.5
717,223.325
718,978.8
719,1138.0
720,435.0
721,859.9
722,411.4
723,315.17261904761904
724,1766.3
725,300.13
726,435.9
727,1543.0
728,1184.9
729,406.76
730,1177.6
731,1235.7
732,1785.8
733,447.9
734,255.2
735,230.1
736,477.5
737,311.34
738,578.14
739,252.98
740,613.4
741,1623.35
742,291.8513333333334
743,1584.4
744,590.44
745,814.3
746,586.6500000000001
747,3308.6
748,391.015
749,1314.5
750,409.4
751,347.6
752,392.4
753,1198.1
754,443.4
755,406.2
756,495.9
757,332.1
758,763.3
759,1027.3
760,289.7
761,467.2
762,319.8
763,1884.0
764,271.2
765,296.7
766,1028.2
767,355.798
768,306.6
769,288.1
770,487.73280727442483
771,664.3
772,487.73280727442483
773,569.2
774,466.06
775,319.8
776,694.26
777,2080.9
778,587.38
779,451.6
780,892.5
781,346.1
782,1044.1
783,796.2
784,414.4
785,620.3
786,793.8
787,1241.4
788,482.4
789,335.78
790,949.2
791,469.18
792,812.6
793,455.64
794,705.3928571428571
795,591.7
796,891.9
797,143.1
798,599.4
799,230.6
800,1338.1
801,343.6
802,1051.2
803,385.5057142857143
804,945.0
805,345.2
806,1380.6
807,607.1
808,482.6
809,331.1
810,466.9166666666667
811,350.06
812,1451.9
813,305.39375
814,464.431380952381
815,408.5
816,867.9
817,534.4
818,301.7
819,666.8
820,289.875
821,553.8
822,3080.7
823,781.7
824,1224.3
825,596.8
826,1162.562
827,259.5
828,963.6
829,722.8
830,470.5
831,972.0
832,348.2666666666667
833,329.7066666666667
834,387.9333333333334
835,913.7
836,274.4
837,419.01471428571443
838,833.6
839,280.5
840,241.14
841,497.2
842,330.05
843,1053.5
844,427.18
845,370.9
846,361.4
847,569.6
848,251.4
849,605.6
850,619.1733333333335
851,625.3
852,942.1
853,466.6
854,487.9
855,2744.2
856,346.2
857,377.9
858,498.2
859,430.9
860,1308.4
861,283.66
862,286.2
863,514.08
864,210.1
865,569.3
866,744.0
867,1200.0
868,3007.7
869,774.8
870,539.2
871,712.5
872,1035.7
873,314.9
874,556.018
875,430.3
876,427.7
877,299.04
878,898.9
879,353.2
880,825.4
881,968.8
882,748.4
883,650.4
884,723.4
885,433.0
886,398.5
887,1268.0
888,311.0275
889,1447.1
890,472.1
891,610.7
892,301.0538095238095
893,404.825
894,890.0
895,980.9
896,427.3
897,427.16155555555554
898,604.5
899,431.2
900,290.9
901,439.76
902,975.9
903,526.6
904,1330.4
905,1164.2
906,440.52
907,406.7
908,704.7
909,405.30833333333334
910,553.1
911,631.8
912,426.55
913,1606.8
914,281.82
915,1137.4
916,1204.7
917,328.27952380952377
918,864.6
919,1017.9
920,1131.9
921,390.2
922,304.8
923,312.4
924,856.1
925,808.2
926,1569.2
927,565.2
928,2459.8
929,288.95
930,347.22
931,1709.7
932,752.1
933,418.0
934,620.3246031746032
935,559.0
936,323.6
937,168.1
938,693.4
939,1725.4
940,383.0
941,491.4233333333333
942,1080.1
943,232.3
944,365.718
945,1538.0
946,410.7
947,1402.5
948,391.2
949,191.5666666666667
950,466.9
951,821.32
952,358.14
953,885.4
954,410.7
955,595.7444444444445
956,334.9
957,400.8
958,651.1
959,395.6
960,871.2
961,372.5
962,657.3
963,626.1
964,1339.2
965,279.2
966,405.8
967,715.4
968,323.3
969,300.1
970,375.4
971,299.0
972,408.2
973,895.4
974,577.6
975,469.9
976,441.4
977,648.4
978,132.7
979,428.04
980,964.7
981,825.5
982,403.32
983,229.6
984,573.71
985,394.3
986,411.71714285714285
987,263.3
988,439.5
989,595.1
990,1369.6
991,462.9
992,369.4
993,368.7
994,342.76666666666665
995,1324.06
996,368.0
997,628.9666666666667
998,550.76
999,360.2
1000,555.3
1001,398.1
1002,618.94
1003,406.4
1004,350.3
1005,379.9
1006,639.4
1007,356.6
1008,421.8
1009,659.82
1010,265.0893333333334
1011,282.09511904761905
1012,485.4
1013,293.3
1014,307.565
1015,224.94
1016,433.5
1017,416.1
1018,581.7
1019,243.94
1020,148.1
1021,785.1
1022,1307.4
1023,544.2
1024,407.9
1025,1294.5
1026,666.9
1027,649.1
1028,537.9
1029,268.7
1030,577.027380952381
1031,437.94
1032,470.78
1033,299.71
1034,339.26
1035,377.2
1036,339.4
1037,905.1
1038,316.6
1039,714.2
1040,668.48
1041,297.7
1042,430.5642857142857
1043,312.7
1044,248.8
1045,1109.8
1046,419.6
1047,374.9
1048,1035.4
1049,392.82
1050,2968.8
1051,289.7
1052,600.5
1053,411.158
1054,652.9
1055,357.875
1056,369.7
1057,385.2
1058,2642.1
1059,456.44066351175513
1060,366.2
1061,850.4
1062,1189.8
1063,446.1
1064,599.7
1065,303.318
1066,411.64666666666665
1067,428.7
1068,509.3
1069,740.5
1070,336.74
1071,520.46
1072,385.1
1073,165.9
1074,354.4
1075,286.6
1076,684.75
1077,519.1666666666667
1078,428.2
1079,1211.7
1080,346.2
1081,320.4
1082,409.5
1083,314.1
1084,839.7
1085,338.03333333333336
1086,1199.8
1087,589.0
1088,667.5
1089,842.4
1090,570.3
1091,1331.398
1092,1325.4
1093,623.7
1094,565.0
1095,465.2
1096,347.3
1097,323.6116666666667
1098,1381.3
1099,578.52
1100,524.9
1101,605.1
1102,313.56
1103,220.14
1104,1203.2
1105,265.1
1106,183.3
1107,398.5
1108,327.05107142857145
1109,265.9
1110,397.2
1111,677.9
1112,259.9
1113,277.3
1114,347.9333333333334
1115,770.1
1116,257.4
1117,370.6933333333333
1118,644.2
1119,289.94
1120,726.4
1121,533.6
1122,267.9
1123,349.4
1124,200.6
1125,273.126
1126,365.5
1127,385.1
1128,886.0
1129,1046.0
1130,769.9
1131,506.0
1132,574.22
1133,292.4
1134,324.0
1135,1153.6
1136,219.73333333333332
1137,1511.1
1138,1012.4
1139,598.1
1140,286.6
1141,323.7
1142,391.8
1143,301.8
1144,1247.3
1145,333.3
1146,376.7
1147,1345.9
1148,486.9
1149,376.07254385964916
1150,267.02
1151,1215.7
1152,249.4
1153,578.9
1154,653.5
1155,227.825
1156,419.3
1157,353.5987301587302
1158,218.9
1159,549.9
1160,456.44066351175513
1161,295.84
1162,646.9
1163,291.9866666666666
1164,339.2
1165,446.6
1166,1023.68
1167,1164.9
1168,1377.6
1169,356.7
1170,276.6
1171,367.16
1172,434.7
1173,602.0
1174,268.18
1175,508.7
1176,488.04
1177,1210.4
1178,940.4
1179,440.7
1180,433.7
1181,337.4
1182,165.1
1183,290.1
1184,375.7
1185,607.3
1186,301.94
1187,466.3
1188,787.8
1189,452.5
1190,401.2
1191,559.5
1192,384.1
1193,420.82
1194,640.7
1195,792.6
1196,688.2
1197,363.8
1198,447.1
1199,1124.2
1200,783.6
1201,237.8
1202,859.6
1203,895.3
1204,235.4
1205,415.74142857142857
1206,865.2
1207,397.0
1208,891.4
1209,1126.0
1210,362.8
1211,690.7
1212,178.3
1213,711.9
1214,1078.4
1215,356.22
1216,750.8
1217,322.4
1218,308.3566666666666
1219,303.82
1220,1310.62
1221,695.2
1222,401.48
1223,758.8
1224,387.2
1225,235.58333333333334
1226,392.0
1227,965.2
1228,349.5
1229,382.0
1230,339.8
1231,758.1
1232,1073.8
1233,437.9866190476192
1234,876.7
1235,379.0
1236,623.3
1237,572.6
1238,1134.5
1239,836.0
1240,522.1
1241,560.22
1242,712.2
1243,1236.0
1244,380.1
1245,767.1
1246,255.14333333333335
1247,538.5
1248,692.7
1249,596.2
1250,275.8
1251,887.7
1252,944.3
1253,607.9
1254,305.15
1255,381.7
1256,704.4
1257,488.4
1258,323.94
1259,296.75
1260,655.3
1261,528.2
1262,262.68
1263,1177.1
1264,968.9
1265,3362.7
1266,947.1
1267,1462.6
1268,685.8
1269,643.0
1270,218.8539285714286
1271,743.7
1272,840.5
1273,373.8
1274,297.7
1275,857.7
1276,220.68166666666667
1277,328.52
1278,504.3
1279,435.1
1280,271.56
1281,1434.0
1282,619.0
1283,546.5
1284,364.3
1285,337.1
1286,596.7333333333333
1287,838.2
1288,634.92
1289,426.6
1290,907.0
1291,407.22
1292,648.2
1293,602.7
1294,774.1
1295,441.78
1296,346.6
1297,685.0
1298,671.26
1299,690.2
1300,408.7
1301,609.1
1302,894.7
1303,228.0
1304,271.1
1305,382.5
1306,356.09063492063484
1307,184.7
1308,625.8
1309,1108.1
1310,342.6
1311,340.2
1312,747.9
1313,282.326
1314,1714.7
1315,2412.8
1316,258.56
1317,823.8
1318,460.0
1319,311.6
1320,690.8
1321,1142.8
1322,347.1
1323,686.2
1324,3050.4
1325,447.0
1326,312.646
1327,315.153841991342
1328,281.72
1329,473.7
1330,1651.6
1331,323.4
1332,287.63526545024604
1333,601.2
1334,437.5
1335,776.7
1336,509.7
1337,283.1
1338,670.2
1339,322.3
1340,324.26
1341,493.6
1342,469.7
1343,328.1
1344,674.2
1345,381.00666666666666
1346,1319.8
1347,666.0
1348,565.7
1349,335.9
1350,676.0
1351,350.3
1352,316.2
1353,553.1
1354,430.9
1355,305.70238095238096
1356,916.5
1357,193.02
1358,635.3
1359,267.04
1360,330.3
1361,498.4
1362,662.5
1363,674.2
1364,650.6
1365,363.6
1366,262.2
1367,515.88
1368,404.9
1369,195.44
1370,343.51428571428573
1371,382.1
1372,783.4
1373,594.06
1374,1489.9
1375,445.5
1376,239.8
1377,333.86
1378,3283.0
1379,532.6
1380,234.4
1381,521.5
1382,463.0
1383,739.4
1384,1607.7
1385,381.8
1386,453.2
1387,534.2
1388,905.0
1389,269.4
1390,315.6
1391,2040.3
1392,653.0
1393,623.8
1394,754.7
1395,838.4
1396,294.359636531769
1397,397.67198412698406
1398,537.61
1399,316.8
1400,652.86
1401,589.5726190476191
1402,1027.5
1403,527.8414285714287
1404,241.1
1405,440.5
1406,639.4
1407,896.62
1408,642.2
1409,437.4
1410,369.4316666666666
1411,1054.4
1412,2873.9
1413,381.2
1414,266.88190066632717
1415,530.3
1416,323.0
1417,635.5
1418,1723.9
1419,503.08
1420,700.5
1421,370.1
1422,694.6
1423,487.4
1424,582.8
1425,1305.3
1426,951.6
1427,363.0
1428,1520.2
1429,669.4
1430,300.95666666666665
1431,736.4
1432,3012.3
1433,356.8
1434,641.9
1435,286.5278571428571
1436,1530.0
1437,685.98
1438,486.3557142857143
1439,706.1
1440,399.0
1441,387.6
1442,248.9
1443,707.3
1444,335.85
1445,526.5
1446,572.1
1447,1805.2
1448,454.5
1449,1556.9
1450,300.9
1451,839.1
1452,503.70619047619067
1453,394.1
1454,726.5
1455,372.44
1456,270.5
1457,290.6
1458,342.18
1459,2355.6
1460,433.4
1461,1149.1
1462,1395.4
1463,379.7
1464,464.6
1465,440.7
1466,1475.8
1467,640.0
1468,1690.6
1469,266.8
1470,1359.5
1471,804.3333333333334
1472,296.696
1473,1040.2
1474,449.4
1475,363.74
1476,541.8
1477,595.4
1478,377.4
1479,334.0
1480,386.9
1481,659.3
1482,295.4
1483,1512.5
1484,240.2
1485,2383.8
1486,271.42
1487,367.48
1488,429.7
1489,245.5
1490,906.6
1491,476.3
1492,728.2
1493,285.0
1494,258.5
1495,334.7
1496,507.5
1497,243.3
1498,1555.2
1499,397.67198412698406
1500,830.1
1501,497.1
1502,520.1
1503,460.2
1504,368.6
1505,249.5
1506,378.2
1507,371.3
1508,3210.4
1509,686.9
1510,364.5845634920635
1511,343.25
1512,587.2
1513,587.0
1514,762.6
1515,1369.5
1516,333.1
1517,331.1
1518,824.7
1519,283.9
1520,458.2447619047619
1521,501.0
1522,1264.4
1523,613.2
1524,776.2
1525,364.765
1526,805.3
1527,414.5
1528,300.9
1529,321.25
1530,344.3
1531,198.5
1532,1533.0
1533,342.4
1534,733.9
1535,592.4821428571429
1536,932.92
1537,1142.7
1538,345.2
1539,1133.9
1540,317.6
1541,623.85
1542,775.5
1543,843.7
1544,285.2
1545,400.1
1546,445.21396825396823
1547,1297.7
1548,474.1333333333334
1549,427.34
1550,548.3
1551,486.5783333333334
1552,298.56
1553,794.1
1554,298.9
1555,287.63526545024604
1556,452.06
1557,761.18
1558,398.6
1559,304.2
1560,722.8
1561,393.0
1562,552.2
1563,445.16999999999996
1564,438.0
1565,375.4
1566,1596.0
1567,989.2
1568,310.0
1569,745.8
1570,304.3
1571,328.44
1572,761.1
1573,552.0
1574,336.18
1575,1060.4
1576,593.1
1577,322.3
1578,737.4
1579,1100.9
1580,677.5
1581,289.3
1582,841.6
1583,457.9
1584,300.4
1585,1020.8
1586,926.9
1587,483.88
1588,260.8
1589,614.2
1590,810.1
1591,311.5
1592,353.1
1593,457.0
1594,1445.4
1595,310.0
1596,581.52
1597,311.4
1598,329.3
1599,659.6
1600,500.6
1601,1148.8
1602,340.8
1603,1199.014
1604,526.1
1605,497.2742857142857
1606,983.1
1607,1747.1
1608,336.9
1609,853.2
1610,683.5
1611,435.5
1612,311.02
1613,418.8
1614,595.3
1615,678.7
1616,2737.1
1617,949.9
1618,407.1
1619,392.22
1620,412.65
1621,309.7
1622,590.5
1623,343.1
1624,517.6
1625,488.06
1626,844.9
1627,886.5
1628,1115.496
1629,533.5
1630,947.5
1631,667.7
1632,1892.2
1633,190.58
1634,1433.7
1635,1150.4
1636,1577.8
1637,2769.6
1638,565.9
1639,425.6
1640,448.1
1641,313.8
1642,294.359636531769
1643,451.3
1644,315.0
1645,368.6
1646,445.58
1647,268.86
1648,288.9
1649,512.561111111111
1650,1312.7
1651,246.7
1652,672.6
1653,875.9
1654,530.2
1655,973.7
1656,405.6
1657,388.34
1658,1160.3
1659,569.6980602730604
1660,844.7
1661,1370.6
1662,1057.52
1663,659.4
1664,864.5
1665,476.2
1666,292.3
1667,498.2
1668,364.6
1669,343.2
1670,612.3
1671,330.3
1672,583.1
1673,256.68
1674,594.6
1675,641.2
1676,170.9
1677,519.8
1678,1563.8
1679,805.4
1680,356.0311111111111
1681,442.0
1682,716.8
1683,361.2
1684,355.06
1685,395.2
1686,307.8
1687,316.04
1688,423.9
1689,276.5
1690,534.8
1691,1443.8
1692,1373.4
1693,297.6
1694,683.2
1695,471.1
1696,432.14
1697,3222.6
1698,504.6
1699,347.3
1700,252.76
1701,321.88
1702,377.6
1703,735.4916666666668
1704,303.5
1705,655.7
1706,387.1589285714286
1707,686.7
1708,215.2
1709,733.5
1710,762.3
1711,673.3
1712,322.5
1713,611.9
1714,442.8
1715,713.7
1716,368.7
1717,421.3
1718,793.2
1719,752.3
1720,845.8
1721,548.9
1722,856.0
1723,229.7
1724,1224.4
1725,304.7
1726,297.28333333333336
1727,174.36
1728,262.92
1729,563.2
1730,2619.1
1731,411.9
1732,612.5
1733,320.88
1734,327.84
1735,534.5
1736,719.1
1737,217.54
1738,2968.6
1739,1045.3
1740,272.77333333333337
1741,396.1
1742,460.6
1743,306.1
1744,311.2
1745,579.8
1746,788.9
1747,408.2
1748,358.69333333333327
1749,1250.6
1750,266.88190066632717
1751,1732.6
1752,425.0
1753,417.28
1754,689.0
1755,947.0
1756,430.1
1757,570.2
1758,607.3
1759,953.8
1760,779.9
1761,903.0
1762,325.8
1763,243.1
1764,449.3
1765,256.9
1766,727.9
1767,1683.4
1768,737.8
1769,618.4
1770,3500.4
1771,671.6
1772,1286.0
1773,609.1
1774,558.4
1775,988.7
1776,821.1
1777,582.7
1778,1071.3
1779,291.7
1780,265.17
1781,1091.3
1782,417.0
1783,700.5033333333332
1784,377.7378571428571
1785,265.83333333333337
1786,448.2
1787,526.9
1788,296.8
1789,1187.7
1790,576.8
1791,1376.4
1792,433.8957226107226
1793,2421.1
1794,808.2
1795,357.58
1796,573.6
1797,226.7
1798,345.3
1799,451.4
1800,1093.4
1801,1561.4
1802,284.1133333333333
1803,380.0
1804,770.1
1805,369.7
1806,550.0
1807,305.0
1808,1542.7
1809,1243.398
1810,793.3
1811,821.9
1812,987.3
1813,395.2
1814,674.8
1815,835.7
1816,997.0
1817,314.2
1818,695.7
1819,628.1
1820,398.7
1821,312.6
1822,389.7214285714286
1823,438.2
1824,730.6
1825,553.845641025641
1826,693.1
1827,833.5
1828,295.7
1829,374.62
1830,435.5
1831,532.9
1832,367.5
1833,810.0
1834,369.4
1835,1162.896
1836,607.2
1837,480.0
1838,349.6
1839,2305.9
1840,989.3
1841,400.0
1842,823.56
1843,1526.1
1844,344.1
1845,302.98
1846,598.9
1847,560.6
1848,1010.2
1849,782.3
1850,794.4
1851,742.0
1852,335.6
1853,206.9
1854,467.8
1855,330.8
1856,395.8
1857,379.7
1858,322.4
1859,288.2
1860,264.14
1861,500.43333333333334
1862,1626.2
1863,1264.8
1864,685.4
1865,516.2193333333333
1866,280.4
1867,512.8
1868,654.9
1869,361.74
1870,1357.4
1871,1436.0
1872,397.7
1873,334.9
1874,276.565
1875,1720.7
1876,624.7
1877,596.7
1878,1075.2
1879,509.8
1880,375.41
1881,890.3
1882,477.6
1883,420.8
1884,340.7
1885,997.6
1886,1269.5
1887,569.3
1888,446.9
1889,315.153841991342
1890,327.1
1891,336.9
1892,461.1
1893,422.9
1894,697.5
1895,383.2
1896,670.8
1897,3033.8
1898,249.2
1899,292.1
1900,299.0575
1901,253.0
1902,286.5226666666667
1903,487.5
1904,282.8
1905,954.0
1906,319.8
1907,487.7
1908,521.2
1909,1612.3
1910,321.3
1911,175.8
1912,518.3
1913,268.556
1914,286.68230158730154
1915,475.9
1916,1637.0
1917,749.0
1918,354.1
1919,273.4216666666666
1920,1380.0
1921,378.62
1922,3337.9
1923,568.7
1924,280.6
1925,570.81
1926,599.7
1927,708.7
1928,707.9
1929,864.0
1930,353.9
1931,366.9
1932,852.8
1933,335.69880952380953
1934,439.3
1935,780.5
1936,310.5666666666666
1937,263.2
1938,425.0
1939,476.2
1940,1692.8
1941,184.88
1942,692.7
1943,593.2
1944,498.62
1945,358.5
1946,369.4
1947,396.9
1948,1512.5
1949,350.4
1950,861.7
1951,687.75
1952,361.65
1953,804.9333333333334
1954,614.9
1955,756.1
1956,1144.7
1957,432.7
1958,330.4
1959,690.2
1960,571.8
1961,777.72
1962,285.8
1963,294.359636531769
1964,372.7
1965,1038.2
1966,737.5999999999999
1967,491.8
1968,366.7
1969,395.9
1970,3098.4
1971,952.9
1972,320.3
1973,2145.6
1974,353.9
1975,301.7
1976,349.3
1977,391.64
1978,593.9
1979,275.2
1980,324.0
1981,323.92
1982,766.4
1983,449.36
1984,583.18
1985,752.3
1986,671.5166666666668
1987,748.6
1988,1420.3
1989,355.6
1990,683.0
1991,356.8
1992,378.1
1993,277.12
1994,428.6
1995,273.3
1996,371.7
1997,413.1
1998,1454.8
1999,505.3666666666666
2000,3165.4
2001,432.6
2002,1195.8
2003,1378.1
2004,411.375
2005,766.9
2006,658.8
2007,750.62
2008,425.7
2009,327.4
2010,749.1
2011,286.14
2012,277.2
2013,173.93333333333334
2014,197.8
2015,453.1
2016,393.3
2017,443.9
2018,903.8
2019,1331.9
2020,410.6
2021,704.2
2022,471.5
2023,355.6
2024,517.6
2025,381.2
2026,326.3
2027,1259.0
2028,451.495
2029,2663.4
2030,843.5
2031,641.2
2032,264.9
2033,807.9
2034,369.5
2035,339.02504761904765
2036,258.2
2037,543.5
2038,726.0
2039,381.4
2040,356.3466666666667
2041,580.3752380952382
2042,1533.7
2043,1157.8
2044,2050.2
2045,365.54
2046,413.4
2047,846.1
2048,548.8
2049,753.5
2050,935.6
2051,410.3
2052,277.4
2053,338.4
2054,674.8
2055,1226.0
2056,302.4
2057,462.3
2058,383.3833333333334
2059,419.5
2060,309.1
2061,623.7
2062,402.08
2063,657.1
2064,1198.8
2065,1823.3
2066,525.7
2067,335.9
2068,1231.0
2069,706.8
2070,1493.3
2071,344.52
2072,441.4733333333333
2073,549.6
2074,573.2
2075,313.2
2076,423.38
2077,306.5
2078,322.2778961376602
2079,520.2
2080,572.7
2081,389.56733333333335
2082,296.5
2083,329.8
2084,417.5
2085,202.2
2086,711.7
2087,426.3
2088,516.28
2089,690.4
2090,310.2
2091,419.4
2092,268.2
2093,1334.8
2094,1513.2
2095,525.1
2096,609.7
2097,718.6
2098,264.3
2099,501.55955555555556
2100,953.8
2101,379.7
2102,555.0
2103,1029.0
2104,533.1
2105,274.31
2106,447.0
2107,1205.398
2108,552.5
2109,361.72714285714284
2110,542.0
2111,1190.6
2112,574.8
2113,963.8
2114,370.3
2115,353.5
2116,590.0
2117,308.4666666666667
2118,898.35
2119,371.07626984126983
2120,1030.9
2121,365.4
2122,2682.0
2123,1309.2
2124,1249.7
2125,331.7
2126,484.4
2127,1629.4
2128,969.8
2129,362.4
2130,865.9
2131,408.4
2132,430.025
2133,1059.6
2134,796.5
2135,749.5
2136,519.4
2137,310.7
2138,675.2
2139,422.7
2140,952.2
2141,1086.0
2142,413.3
2143,478.4
2144,529.3
2145,869.2
2146,816.1
2147,336.3
2148,396.46
2149,1203.6
2150,356.8065415711739
2151,633.7
2152,431.8
2153,645.9
2154,376.2
2155,298.3
2156,263.5
2157,631.06
2158,594.4
2159,401.5
2160,199.0
2161,593.68
2162,363.1
2163,398.2
2164,425.6
2165,1032.9
2166,260.696
2167,1508.3
2168,287.1333333333333
2169,704.5
2170,1190.5
2171,275.45
2172,397.67198412698406
2173,487.1
2174,606.9
2175,736.0
2176,517.74
2177,432.4
2178,1527.8
2179,814.0
2180,445.26
2181,475.2
2182,1217.6
2183,288.7
2184,338.0
2185,255.1
2186,1259.0
2187,407.2369841269841
2188,874.5
2189,1588.3
2190,333.5
2191,303.4
2192,597.95
2193,1515.6
2194,1295.7
2195,372.2
2196,324.6
2197,313.1
2198,799.3
2199,668.0
2200,880.0
2201,1387.2
2202,1986.6
2203,333.9
2204,392.1
2205,444.62
2206,576.0
2207,279.5
2208,347.1
2209,249.06
2210,1040.0
2211,211.285
2212,1021.6
2213,577.6
2214,1115.1
2215,1010.0
2216,262.0
2217,463.5
2218,250.3
2219,995.9
2220,593.5166666666668
2221,245.3
2222,358.0
2223,435.3
2224,616.3
2225,1021.3
2226,383.8
2227,375.1
2228,977.5
2229,1109.4
2230,338.60166666666663
2231,473.6
2232,341.2
2233,244.7
2234,436.7
2235,1753.2
2236,1721.6
2237,371.1
2238,339.9
2239,859.5
2240,471.9
2241,421.6
2242,376.4
2243,416.4
2244,257.32
2245,327.81670634920636
2246,397.1
2247,500.4
2248,2963.5
2249,329.8
2250,1040.6
2251,329.8
2252,772.1
2253,404.1
2254,361.0
2255,714.7
2256,629.8
2257,406.3
2258,184.8
2259,1101.6
2260,623.8
2261,326.6
2262,1109.5
2263,697.1
2264,1018.7
2265,216.06
2266,254.78
2267,1532.0
2268,252.16
2269,724.2
2270,684.6
2271,1591.0
2272,530.8
2273,1178.7
2274,409.5
2275,337.3
2276,784.6
2277,944.8
2278,898.4
2279,396.2
2280,429.84
2281,229.24
2282,495.48
2283,613.3
2284,308.65
2285,793.2
2286,279.85
2287,490.8
2288,360.7
2289,522.312380952381
2290,376.5
2291,209.0
2292,351.1
2293,809.2
2294,541.7
2295,709.1
2296,260.0
2297,218.752
2298,491.0
2299,455.0
2300,895.5
2301,624.3
2302,813.6
2303,2005.3
2304,1826.4
2305,363.1
2306,323.75
2307,574.7
2308,597.3333333333334
2309,308.3335714285714
2310,389.9
2311,319.1
2312,422.1
2313,391.5
2314,168.1
2315,222.285
2316,1458.6
2317,456.44066351175513
2318,326.5
2319,317.62
2320,1508.7
2321,717.6
2322,748.9
2323,494.1
2324,705.9
2325,2780.0
2326,1284.8
2327,405.8
2328,360.9
2329,966.5
2330,446.2
2331,283.6
2332,593.35
2333,492.37
2334,626.5607292707294
2335,527.8414285714287
2336,342.54
2337,309.6
2338,2925.0
2339,229.2742857142857
2340,1241.5
2341,370.5
2342,374.0
2343,572.4333333333333
2344,300.7
2345,304.9
2346,501.9
2347,783.6
2348,1967.1
2349,3330.9
2350,432.9
2351,1024.14
2352,321.43095238095236
2353,291.5
2354,387.0
2355,1774.0
2356,213.7
2357,422.47
2358,1032.9
2359,736.4
2360,290.74
2361,3475.2
2362,407.8
2363,1451.0
2364,747.5
2365,529.0
2366,543.12
2367,567.0
2368,294.6
2369,576.0
2370,341.2
2371,719.1
2372,324.8
2373,388.56
2374,1020.8
2375,290.0916666666667
2376,302.3
2377,391.28999999999996
2378,556.2
2379,500.7
2380,411.9
2381,1099.4
2382,831.3
2383,969.7
2384,456.0
2385,983.0
2386,899.9
2387,517.4
2388,338.4
2389,555.7
2390,972.7
2391,439.0566666666667
2392,728.6
2393,372.1
2394,473.2
2395,746.0
2396,603.6
2397,451.39328571428564
2398,557.0
2399,781.3
2400,177.7
2401,3523.6
2402,440.5
2403,406.0
2404,278.0
2405,873.9
2406,300.84333333333336
2407,467.28
2408,478.9
2409,2638.4
2410,392.1
2411,536.2
2412,503.0
2413,1549.0
2414,1661.7
2415,1328.7
2416,622.3
2417,326.9
2418,570.4
2419,247.76
2420,317.6
2421,1324.3
2422,286.3
2423,263.5
2424,410.3
2425,1120.7
2426,379.1
2427,581.34
2428,1509.8
2429,834.3
2430,276.72
2431,340.78
2432,762.4
2433,354.2333333333333
2434,522.9333333333333
2435,476.8
2436,159.78
2437,738.2
2438,1275.1
2439,925.6
2440,541.6
2441,462.44
2442,696.4166666666667
2443,291.6
2444,1598.8
2445,376.1
2446,1678.3
2447,385.7
2448,363.2
2449,352.4
2450,1066.1
2451,1019.0
2452,412.0
2453,480.1766666666667
2454,382.0
2455,642.2
2456,670.5
2457,474.9
2458,728.5
2459,491.74
2460,564.6
2461,513.2
2462,439.4
2463,366.5
2464,236.4
2465,200.6
2466,885.2
2467,535.9
2468,341.46
2469,348.9638095238096
2470,1196.6
2471,356.0
2472,404.7
2473,694.2
2474,295.9
2475,277.5
2476,1202.2
2477,2031.8
2478,224.3
2479,534.4
2480,800.8
2481,389.2
2482,1806.2
2483,309.7
2484,1039.7
2485,400.8
2486,1011.1
2487,287.5
2488,237.33416666666662
2489,381.2
2490,246.20166666666665
2491,401.5
2492,311.0
2493,884.2
2494,987.1
2495,685.6
2496,293.1833333333334
2497,650.9
2498,803.2
2499,341.8
2500,619.4
2501,604.2
2502,1586.9
2503,312.0
2504,1760.7
2505,1075.6
2506,311.275
2507,709.5
2508,424.8
2509,883.9
2510,1013.2
2511,587.9
2512,418.2
2513,291.0
2514,1260.9
2515,663.9
2516,639.38
2517,931.2
2518,662.9
2519,749.1
2520,394.6161904761906
2521,517.2
2522,468.9
2523,500.2
2524,343.04
2525,397.2
2526,461.5
2527,356.4716666666667
2528,425.0
2529,600.6
2530,330.3
2531,302.4
2532,368.4
2533,512.65
2534,592.7
2535,1121.8
2536,313.5
2537,354.8
2538,873.0
2539,592.0
2540,1436.1
2541,875.7
2542,2893.0
2543,316.73
2544,739.3
2545,668.3
2546,1470.2
2547,237.15
2548,326.3
2549,371.7
2550,973.8
2551,1419.8
2552,2177.4
2553,365.28
2554,424.8
2555,348.6333333333334
2556,1591.8
2557,303.5
2558,905.7
2559,236.9
2560,738.1
2561,662.3
2562,373.5466666666666
2563,338.1
2564,418.69
2565,401.0
2566,1157.5
2567,562.7333333333333
2568,994.12
2569,498.4
2570,1200.35
2571,480.22
2572,758.04
2573,370.5
2574,720.1
2575,342.075
2576,504.8
2577,871.8
2578,675.2
2579,1795.9
2580,400.0
2581,198.2
2582,424.74
2583,524.6
2584,236.7
2585,1426.88
2586,892.3
2587,861.1
2588,317.7
2589,366.3
2590,904.7
2591,748.7
2592,1041.3
2593,3454.6
2594,355.84
2595,563.3
2596,481.02
2597,250.3
2598,306.5
2599,685.1
2600,296.02
2601,325.8
2602,199.6
2603,563.9
2604,434.0
2605,1057.1
2606,918.4
2607,593.6
2608,311.84
2609,1271.3
2610,479.6
2611,353.6
2612,406.7
2613,879.6
2614,343.2
2615,282.94938672438684
2616,461.6
2617,3222.4
2618,482.5866666666667
2619,1011.7
2620,226.28333333333333
2621,478.1479797979798
2622,450.7
2623,458.8
2624,671.4
2625,268.8
2626,315.7
2627,463.4
2628,431.6
2629,1279.0
2630,499.04
2631,400.5
2632,744.5
2633,313.2
2634,322.2778961376602
2635,871.0
2636,1762.8
2637,505.22
2638,423.1
2639,1112.7
2640,493.1
2641,1055.5
2642,377.76
2643,811.1
2644,2336.5
2645,742.0
2646,533.24
2647,525.4333333333334
2648,1298.3
2649,527.8414285714287
2650,1246.1
2651,373.6
2652,324.9983333333334
2653,423.9172222222222
2654,404.7
2655,402.5
2656,296.3
2657,1083.9
2658,327.8
2659,783.8
2660,820.2
2661,885.2
2662,371.2583333333333
2663,653.2
2664,301.6
2665,346.4
2666,403.5
2667,255.8
2668,380.1
2669,564.9
2670,327.45
2671,382.9
2672,375.9
2673,410.0
2674,291.8
2675,691.3
2676,368.0
2677,322.8
2678,680.26
2679,1183.4
2680,655.5
2681,304.4
2682,2498.2
2683,333.5
2684,942.0
2685,255.1
2686,1254.5
2687,301.2
2688,471.5
2689,1471.6
2690,424.9
2691,337.9
2692,326.4
2693,572.6
2694,332.7
2695,368.2
2696,2472.2
2697,1350.0
2698,848.4
2699,1509.2
2700,287.63526545024604
2701,650.0
2702,321.2
2703,584.2
2704,299.8766666666667
2705,200.9
2706,432.18611111111113
2707,438.7
2708,606.5
2709,620.6
2710,1063.4
2711,306.78
2712,632.51
2713,895.8
2714,422.3
2715,361.7
2716,376.3
2717,387.4
2718,1276.9
2719,402.8
2720,219.16
2721,314.92
2722,531.7
2723,353.8
2724,340.1
2725,363.04
2726,296.8626666666667
2727,369.7
2728,997.6
2729,375.26888888888885
2730,333.3366666666667
2731,337.8183333333333
2732,568.0
2733,280.8
2734,1911.4
2735,468.6
2736,359.8
2737,519.1985281385282
2738,366.2
2739,359.0933333333333
2740,985.0
2741,721.2
2742,392.1
2743,2653.6
2744,553.5
2745,316.6
2746,783.5
2747,376.96
2748,399.2
2749,1706.9
2750,735.1
2751,347.3
2752,360.6
2753,330.8
2754,1825.0
2755,368.0
2756,3260.0
2757,570.3
2758,486.5
2759,365.7
2760,368.43833333333333
2761,800.7
2762,465.7
2763,407.6
2764,353.1406593406594
2765,435.1
2766,1473.8
2767,304.3
2768,455.0
2769,495.9
2770,335.3
2771,973.9
2772,185.1
2773,563.3
2774,1093.5
2775,320.9
2776,874.0
2777,775.4
2778,633.1
2779,326.1
2780,716.3
2781,681.64
2782,1257.4
2783,1030.7
2784,445.44
2785,493.09809523809514
2786,641.9
2787,291.9316666666667
2788,721.6
2789,864.2
2790,404.3
2791,461.1
2792,445.7
2793,328.6
2794,428.0
2795,979.6
2796,936.0
2797,963.1
2798,1091.9
2799,612.1
2800,628.6
2801,818.8
2802,1543.3
2803,555.9890476190477
2804,517.1
2805,894.5
2806,464.3
2807,333.0966666666667
2808,405.7
2809,323.66
2810,309.5
2811,1268.0
2812,498.5429761904762
2813,378.4
2814,709.0
2815,1116.4
2816,332.0066666666666
2817,284.655
2818,297.9
2819,553.75
2820,2324.0
2821,1038.7
2822,237.886
2823,348.0
2824,276.905
2825,362.5
2826,261.78
2827,358.6
2828,341.9
2829,640.5421106671106
2830,411.6
2831,614.26
2832,312.7
2833,648.32
2834,1361.5
2835,279.698
2836,796.8
2837,569.5
2838,750.6
2839,322.785
2840,1033.7
2841,221.8
2842,418.74
2843,1621.5
2844,889.9
2845,1157.2
2846,284.5
2847,238.7
2848,972.8
2849,465.5
2850,1262.2
2851,405.0416666666667
2852,1241.3
2853,295.9
2854,509.84206349206346
2855,383.6421717171717
2856,345.5
2857,663.3
2858,235.5125
2859,1277.0
2860,388.9
2861,365.86
2862,398.9
2863,385.39761904761906
2864,479.33333333333337
2865,332.7
2866,304.26
2867,1576.6
2868,311.4
2869,406.0
2870,1011.3
2871,504.7
2872,423.1
2873,324.6
2874,727.1
2875,284.5
2876,352.5
2877,360.9942164502164
2878,816.2
2879,548.1
2880,257.0
2881,1638.8
2882,583.8
2883,226.2111904761905
2884,282.04
2885,341.1
2886,296.4
2887,1280.176
2888,740.4
2889,376.2
2890,418.4
2891,745.8
2892,295.5
2893,292.1
2894,342.5
2895,979.5
2896,333.2
2897,1940.1
2898,976.7
2899,341.1
2900,1112.3
2901,509.1
2902,355.3
2903,322.2778961376602
2904,312.152
2905,351.94
2906,1339.8
2907,905.5
2908,1258.0
2909,571.1
2910,449.9
2911,847.1
2912,1136.46
2913,3219.6
2914,618.1
2915,311.4
2916,361.5066666666667
2917,1329.4
2918,527.1
2919,1134.486
2920,378.9
2921,1265.9
2922,238.88333333333333
2923,279.3
2924,318.1
2925,394.02
2926,360.1
2927,322.4
2928,269.7
2929,301.3
2930,724.0
2931,692.2
2932,444.2
2933,409.1
2934,373.5
2935,416.6
2936,595.7
2937,318.0
2938,255.2
2939,244.76
2940,1116.1
2941,1543.9
2942,996.2
2943,606.7
2944,569.4
2945,596.6
2946,921.9
2947,562.3
2948,1118.4
2949,618.22
2950,486.1
2951,343.6
2952,888.2
2953,810.6
2954,240.5
2955,662.7
2956,437.0
2957,360.9942164502164
2958,333.5
2959,422.3
2960,717.5
2961,711.36
2962,1502.3
2963,1310.4
2964,1313.598
2965,472.52214285714285
2966,498.5429761904762
2967,340.04
2968,430.6
2969,1342.1
2970,351.7
2971,1882.4
2972,600.9
2973,323.1378311965812
2974,346.4
2975,724.7
2976,1113.6
2977,334.2315873015873
2978,459.9
2979,262.74
2980,326.5
2981,385.7
2982,504.0
2983,445.7
2984,262.3769047619047
2985,717.6
2986,357.025
2987,321.7
2988,467.0
2989,1421.2
2990,413.6
2991,504.4
2992,780.3
2993,649.2
2994,421.0133333333333
2995,1472.7
2996,791.7
2997,332.9
2998,431.898
2999,312.82
3000,1054.7
3001,899.2
3002,703.8
3003,641.592
3004,1172.9
3005,207.2
3006,396.418
3007,293.94
3008,341.44
3009,379.9
3010,1181.12
3011,333.2
3012,309.475
3013,524.5
3014,373.8
3015,3276.2
3016,608.6073809523809
3017,770.7
3018,504.4333333333334
3019,370.28333333333336
3020,1019.0
3021,322.5
3022,291.2
3023,746.8
3024,207.5
3025,1746.4
3026,289.794
3027,1252.9
3028,3335.2
3029,785.5
3030,390.93
3031,344.05
3032,1334.6
3033,325.34
3034,834.5
3035,808.2
3036,518.1
3037,238.5
3038,360.4
3039,212.51666666666665
3040,389.1
3041,1640.4
3042,705.2
3043,349.0
3044,471.84
3045,310.7
3046,519.2
3047,674.9
3048,294.75
3049,499.5
3050,497.6
3051,393.6
3052,300.18
3053,577.0
3054,332.5
3055,266.94
3056,244.8
3057,779.3
3058,565.7
3059,437.5
3060,779.8
3061,341.3
3062,526.82
3063,1097.5
3064,276.9
3065,742.1
3066,442.1
3067,355.2
3068,366.8
3069,386.5
3070,3876.9
3071,575.8
3072,409.74
3073,311.4
3074,459.8
3075,348.725
3076,632.9
3077,294.6
3078,240.7
3079,374.9
3080,1624.4
3081,534.9
3082,412.6
3083,522.8
3084,461.9983333333334
3085,226.2111904761905
3086,1062.7
3087,1093.7
3088,271.0
3089,477.1
3090,326.2
3091,455.86
3092,677.4
3093,569.4
3094,811.5
3095,1790.1
3096,253.8
3097,281.3
3098,715.8
3099,972.0
3100,1104.9
3101,573.12
3102,322.5666666666666
3103,384.5
3104,374.4
3105,716.7
3106,751.5
3107,617.0
3108,354.5
3109,542.6
3110,230.4
3111,645.7
3112,278.725
3113,255.1
3114,345.2
3115,416.8
3116,553.6
3117,363.52
3118,402.39
3119,410.22
3120,367.908
3121,408.4
3122,404.8
3123,840.04
3124,302.0
3125,1653.2
3126,284.7
3127,266.815
3128,936.4
3129,2143.8
3130,499.6
3131,228.0
3132,3392.8
3133,1180.8
3134,1014.0
3135,344.7
3136,311.6
3137,665.7
3138,685.4
3139,1354.3
3140,1595.2
3141,1043.0
3142,835.4
3143,288.9
3144,564.8
3145,2281.3
3146,276.14166666666665
3147,248.20880952380952
3148,1608.1
3149,1032.3
3150,3732.3
3151,615.3
3152,892.8
3153,319.8
3154,407.95
3155,1204.1
3156,341.8
3157,289.0133333333334
3158,415.3
3159,596.0
3160,608.84
3161,3435.6
3162,286.8
3163,325.0
3164,363.1
3165,1270.4
3166,396.6
3167,341.5
3168,322.0158333333334
3169,747.0
3170,337.9
3171,338.5
3172,570.4
3173,626.9
3174,540.9
3175,294.5
3176,394.5
3177,288.3
3178,257.3
3179,735.8
3180,365.3
3181,1458.2
3182,279.9
3183,269.3
3184,486.4
3185,1050.5
3186,370.175
3187,1005.6
3188,334.4
3189,871.1
3190,311.83333333333337
3191,405.5
3192,414.26
3193,423.2
3194,418.7
3195,606.06
3196,1587.2
3197,225.96
3198,366.3
3199,305.2
3200,357.8
3201,708.2
3202,1061.9
3203,365.6
3204,357.8
3205,406.5
3206,585.64
3207,407.5
3208,1555.0
3209,1869.6
3210,702.2
3211,315.0
3212,693.3
3213,869.9
3214,437.6
3215,409.3
3216,299.375
3217,594.4
3218,229.5
3219,2496.2
3220,652.45
3221,798.2
3222,257.0314285714286
3223,385.6
3224,192.06
3225,741.8
3226,414.6
3227,1451.3
3228,400.2
3229,555.8
3230,551.2
3231,1479.9
3232,287.63526545024604
3233,3597.5
3234,603.7566666666668
3235,398.2
3236,641.7
3237,497.1
3238,942.2
3239,1065.3
3240,352.3
3241,723.6
3242,989.2
3243,1794.9
3244,455.6
3245,364.7
3246,1159.36
3247,799.1
3248,326.8
3249,225.77
3250,749.7
3251,688.5666666666667
3252,747.2
3253,1422.1
3254,273.5
3255,382.9
3256,2961.0
3257,1089.7
3258,345.0
3259,614.54
3260,1817.6
3261,2124.4
3262,344.5
3263,901.9
3264,1339.9
3265,964.1
3266,828.3
3267,1362.5
3268,436.4
3269,446.5
3270,1009.6
3271,1609.9
3272,484.2
3273,283.54
3274,467.64
3275,310.7
3276,779.9
3277,357.6
3278,277.5
3279,929.0
3280,249.78
3281,379.72
3282,1399.4
3283,215.6
3284,396.0
3285,261.6868650793651
3286,287.225
3287,328.2
3288,780.2
3289,520.7
3290,194.5
3291,300.7
3292,315.4
3293,631.1
3294,232.6
3295,1422.1
3296,343.95
3297,650.6
3298,1354.3
3299,1215.9
3300,265.9
3301,315.1
3302,668.2
3303,562.4
3304,291.2
3305,691.6
3306,753.9
3307,494.5310787251963
3308,382.5
3309,369.06476190476195
3310,309.8671428571428
3311,394.295
3312,1130.3
3313,629.0
3314,410.4
3315,468.34
3316,798.1
3317,1892.8
3318,266.92
3319,1904.9
3320,760.2
3321,351.8
3322,1619.9
3323,721.0
3324,411.3
3325,247.14
3326,399.76
3327,372.1
3328,471.0
3329,1378.8
3330,305.30428571428575
3331,974.7
3332,382.76
3333,592.5
3334,670.9
3335,526.3
3336,569.0
3337,422.0
3338,1661.9
3339,590.5
3340,608.4
3341,390.8
3342,298.6
3343,770.5
3344,571.7
3345,604.575
3346,352.96
3347,1554.4
3348,371.9
3349,247.29333333333335
3350,1032.74
3351,918.4
3352,485.0899999999999
3353,358.8
3354,445.4
3355,3205.7
3356,1449.6
3357,648.6
3358,3047.3
3359,531.4
3360,744.0
3361,2700.4
3362,304.7
3363,344.8
3364,381.5
3365,671.5
3366,580.5
3367,229.36
3368,116.67714285714285
3369,748.6
3370,650.9
3371,297.3
3372,372.7
3373,192.366
3374,909.9
3375,637.8
3376,585.9
3377,360.5
3378,1154.0
3379,343.255
3380,644.8
3381,321.7216437455697
3382,288.94999999999993
3383,744.8
3384,353.55
3385,659.72
3386,337.2
3387,234.75333333333333
3388,330.8
3389,393.9
3390,777.7
3391,482.44
3392,332.3
3393,938.7
3394,336.6
3395,364.6
3396,1148.7
3397,584.2
3398,277.6
3399,642.9
3400,618.2
3401,551.7
3402,302.34
3403,1126.1
3404,1096.6
3405,334.6
3406,453.72
3407,747.1
3408,361.2
3409,791.5
3410,589.2
3411,440.18
3412,301.19071428571425
3413,265.5
3414,772.8
3415,433.28
3416,1871.9
3417,319.5
3418,233.716
3419,739.2
3420,311.4625
3421,383.3
3422,336.673961038961
3423,351.2
3424,582.0
3425,314.9
3426,461.0348095238095
3427,242.174
3428,570.2
3429,643.66
3430,303.2
3431,788.4
3432,360.3
3433,520.2
3434,258.8975
3435,360.2
3436,708.9
3437,414.99976190476184
3438,376.0
3439,192.99000000000004
3440,464.2
3441,216.35333333333332
3442,1755.8
3443,1137.9
3444,299.36
3445,758.1
3446,237.2
3447,352.3
3448,428.3066666666667
3449,478.9
3450,395.48
3451,336.9
3452,559.32
3453,252.06
3454,2107.0
3455,693.4
3456,470.9
3457,221.3
3458,433.5
3459,915.4
3460,315.9
3461,505.9
3462,344.4
3463,412.5
3464,345.3
3465,468.5566666666666
3466,362.6
3467,741.0
3468,562.9
3469,501.7166666666667
3470,224.7
3471,607.5
3472,1568.0
3473,125.7
3474,380.6
3475,464.9
3476,1464.8
3477,430.58
3478,639.2818181818183
3479,578.9
3480,1098.5
3481,654.2
3482,300.04
3483,354.9
3484,299.6
3485,336.3
3486,282.94938672438684
3487,337.7
3488,421.21666666666675
3489,1467.6
3490,291.6
3491,1096.9
3492,311.9
3493,484.3
3494,710.2
3495,964.1
3496,530.8
3497,565.3
3498,378.8
3499,311.8
3500,657.4
3501,783.7
3502,1384.7
3503,380.6
3504,390.5
3505,323.2199603174603
3506,329.9333333333334
3507,337.2
3508,597.8
3509,418.3
3510,632.2
3511,1052.1
3512,367.07324073905113
3513,668.8
3514,373.9
3515,829.7
3516,431.4
3517,568.2
3518,1658.3
3519,1184.9
3520,849.3
3521,677.8
3522,601.82
3523,1022.4
3524,376.8
3525,1099.1
3526,877.7
3527,242.568
3528,486.4
3529,1708.8
3530,418.3
3531,207.38
3532,423.4
3533,1300.1
3534,509.5
3535,904.1
3536,230.02
3537,969.0
3538,346.9
3539,619.9
3540,3146.4
3541,417.52
3542,445.2
3543,308.3
3544,479.0
3545,614.9
3546,264.0
3547,299.5
3548,387.5
3549,503.58
3550,504.58
3551,729.8
3552,384.3
3553,266.88190066632717
3554,546.8
3555,567.3
3556,367.4
3557,276.4
3558,247.1
3559,2525.7
3560,332.38
3561,235.44
3562,234.14
3563,388.57
3564,323.0766666666667
3565,1377.4
3566,575.1
3567,630.4
3568,293.0
3569,374.306
3570,350.1896428571428
3571,228.3
3572,1143.1
3573,583.3
3574,481.9
3575,1422.1
3576,435.58
3577,610.9
3578,1338.9
3579,291.9316666666667
3580,649.6
3581,716.8
3582,219.0
3583,364.2
3584,428.3
3585,336.98
3586,351.6
3587,527.5
3588,674.0
3589,162.1
3590,192.18533333333335
3591,408.1
3592,719.6
3593,683.9
3594,2055.6
3595,846.8
3596,378.7
3597,359.3
3598,437.8
3599,474.57
3600,3217.6
3601,390.2
3602,317.2
3603,334.9
3604,346.5
3605,729.1
3606,399.81333333333333
3607,2222.4
3608,312.4
3609,785.8
3610,720.3
3611,325.9
3612,315.2
3613,1331.1
3614,574.6
3615,267.3
3616,681.0
3617,407.4
3618,728.5
3619,595.0857142857143
3620,1140.5083333333334
3621,1309.3
3622,885.7
3623,618.9
3624,675.8
3625,975.0
3626,1569.5
3627,325.14
3628,858.0
3629,590.9
3630,305.5
3631,300.8
3632,221.61404761904765
3633,505.9
3634,226.2111904761905
3635,769.9
3636,345.25
3637,318.6
3638,333.66
3639,322.2778961376602
3640,362.5
3641,404.0
3642,569.5
3643,884.6
3644,1648.3
3645,808.7
3646,803.6
3647,240.5
3648,1003.998
3649,238.81
3650,472.8
3651,995.9
3652,291.86
3653,305.9
3654,233.94
3655,788.2
3656,359.0933333333333
3657,292.2
3658,361.9
3659,251.40833333333333
3660,888.5
3661,1029.1
3662,194.66
3663,552.9
3664,368.9
3665,811.0
3666,278.3
3667,1347.5
3668,329.8
3669,393.2
3670,525.7
3671,451.1
3672,348.0
3673,373.4266666666666
3674,852.0
3675,587.4
3676,494.2
3677,1228.0
3678,504.1
3679,332.22
3680,294.1
3681,1305.4
3682,651.3
3683,1632.9
3684,619.6
3685,345.6
3686,331.03333333333336
3687,1720.7
3688,542.7
3689,838.8
3690,405.5
3691,1301.7
3692,190.0
3693,736.7
3694,327.0
3695,1076.9
3696,676.6
3697,327.7
3698,730.2
3699,281.3
3700,1270.6
3701,445.7
3702,339.2
3703,2755.0
3704,363.8416666666667
3705,464.8
3706,1617.6
3707,1151.7
3708,924.3
3709,690.2
3710,358.2
3711,285.7
3712,837.7
3713,293.3
3714,740.1
3715,668.1
3716,433.38
3717,528.1
3718,314.0
3719,293.9
3720,830.0
3721,455.44
3722,452.7
3723,378.0
3724,291.5
3725,340.525
3726,354.7
3727,546.9166666666666
3728,1445.6
3729,213.78
3730,1055.0
3731,2510.3
3732,385.8
3733,729.2
3734,1591.6
3735,616.8
3736,568.7
3737,313.5
3738,325.9
3739,878.5
3740,326.24
3741,332.5
3742,665.5
3743,311.4
3744,1011.9
3745,1761.3
3746,1202.9
3747,305.30466666666666
3748,335.2266666666667
3749,635.9
3750,437.68
3751,669.1
3752,377.0
3753,298.7
3754,742.2
3755,312.2
3756,429.54
3757,230.34
3758,222.3
3759,337.5
3760,857.4
3761,521.1
3762,425.3
3763,1013.2
3764,1257.8
3765,537.3
3766,285.9
3767,288.52
3768,715.7
3769,302.4
3770,1543.4
3771,230.6
3772,254.08
3773,332.80833333333334
3774,291.9
3775,858.3
3776,1511.3
3777,692.0
3778,1257.4
3779,326.3
3780,838.1
3781,779.5
3782,337.8
3783,320.2
3784,492.7
3785,371.3
3786,298.4818253968254
3787,1230.8
3788,616.0
3789,452.9
3790,760.6
3791,372.1
3792,292.294
3793,515.8
3794,382.6
3795,327.8
3796,620.6
3797,797.0
3798,374.7
3799,1096.4
3800,894.6
3801,333.1
3802,349.7
3803,336.6
3804,277.4
3805,628.1
3806,827.7
3807,322.4466666666666
3808,374.2
3809,714.6
3810,911.3
3811,281.92
3812,1444.2
3813,725.7
3814,647.4
3815,1768.7
3816,503.8
3817,2125.2
3818,675.6
3819,268.9
3820,916.2
3821,309.82
3822,520.2
3823,364.29
3824,407.3
3825,260.3
3826,371.84
3827,382.6
3828,265.3
3829,435.3
3830,591.18
3831,727.8
3832,1115.8
3833,504.06
3834,356.4
3835,376.5
3836,207.3
3837,300.3
3838,788.0
3839,310.36
3840,487.03333333333336
3841,932.0
3842,280.66
3843,423.5
3844,693.0
3845,434.76
3846,1052.2
3847,285.6
3848,330.1
3849,429.1
3850,359.1
3851,435.45
3852,381.9
3853,680.1
3854,717.6
3855,1096.6
3856,667.0057142857144
3857,684.68
3858,303.0
3859,1521.1
3860,425.8125
3861,295.5
3862,313.928
3863,299.8
3864,681.8
3865,1230.6
3866,358.6
3867,1123.0
3868,1075.0
3869,354.3
3870,288.50666666666666
3871,266.24
3872,355.5
3873,1060.3
3874,266.4
3875,487.7
3876,196.0
3877,748.3
3878,315.3
3879,930.2
3880,603.8
3881,525.0
3882,373.96
3883,367.9
3884,519.62
3885,512.7
3886,444.0
3887,930.6
3888,348.7
3889,356.25
3890,452.5
3891,236.35333333333335
3892,610.3
3893,1106.7
3894,2411.4
3895,323.9
3896,1146.2
3897,494.2
3898,457.0
3899,955.8
3900,926.2
3901,279.0
3902,788.58
3903,365.83333333333337
3904,245.266
3905,460.6
3906,910.9
3907,288.02
3908,1583.0
3909,478.4
3910,236.52
3911,1024.0
3912,611.7
3913,367.5
3914,288.94999999999993
3915,527.8
3916,484.2
3917,293.6
3918,225.425
3919,1265.9
3920,583.9
3921,460.76
3922,428.1
3923,260.5
3924,344.5
3925,366.225
3926,1403.9
3927,1477.9
3928,877.2
3929,279.9
3930,1133.8
3931,357.3
3932,1002.5
3933,329.3
3934,915.9
3935,244.1
3936,399.1
3937,274.9868822843823
3938,345.5
3939,570.1
3940,472.5
3941,340.9114285714286
3942,315.6
3943,3381.7
3944,388.5
3945,677.0
3946,353.9142857142857
3947,3700.4
3948,380.8838383838384
3949,295.3
3950,1964.6
3951,450.8066666666667
3952,987.02
3953,295.77619047619055
3954,386.84
3955,1130.4
3956,1318.3
3957,2429.2
3958,1061.4
3959,387.44
3960,664.8
3961,303.42607142857145
3962,217.7
3963,709.7
3964,470.4
3965,256.0966666666667
3966,962.1
3967,354.5
3968,946.2
3969,435.4
3970,198.8
3971,363.4
3972,968.6
3973,340.8
3974,360.76
3975,351.15
3976,385.36
3977,292.2
3978,586.5
3979,252.56
3980,517.5
3981,863.12
3982,361.6
3983,1791.1
3984,747.4
3985,258.9
3986,369.3
3987,489.6
3988,335.34
3989,665.9
3990,356.3
3991,365.7
3992,317.39996031746034
3993,296.6
3994,3274.6
3995,648.2
3996,320.62
3997,994.7
3998,398.8
3999,631.0
4000,415.74142857142857
4001,234.9
4002,423.0
4003,351.3
4004,199.4
4005,541.5
4006,1245.3
4007,1600.0
4008,411.26
4009,1293.4
4010,1605.3
4011,1290.2
4012,802.0
4013,357.9
4014,1379.3
4015,349.8
4016,558.7
4017,380.4
4018,390.8
4019,304.5
4020,828.2
4021,455.3
4022,1413.1
4023,345.9
4024,625.7
4025,336.58
4026,356.25
4027,509.7
4028,1169.398
4029,287.752
4030,605.1952097902098
4031,239.6
4032,3541.4
4033,392.5
4034,1277.84
4035,1826.1
4036,561.0
4037,252.83333333333334
4038,404.8
4039,418.1
4040,594.2
4041,356.6
4042,224.4
4043,920.5
4044,636.4
4045,390.6
4046,657.6
4047,913.4
4048,976.8
4049,375.6
4050,294.54
4051,295.5
4052,397.04
4053,526.4
4054,181.1
4055,447.9
4056,399.7
4057,342.8
4058,956.1
4059,309.23333333333335
4060,775.0
4061,592.0
4062,1755.5
4063,1116.38
4064,848.4
4065,263.7
4066,807.8
4067,748.8
4068,428.9
4069,458.2
4070,1213.7
4071,844.9
4072,454.2
4073,680.4
4074,528.7
4075,1311.4
4076,353.0
4077,226.7
4078,379.1
4079,269.68
4080,1023.0
4081,475.7
4082,336.6
4083,309.14
4084,297.3
4085,411.2
4086,454.8
4087,737.5666666666667
4088,304.34
4089,429.2
4090,326.26
4091,356.8
4092,665.0
4093,900.3
4094,1710.7
4095,274.178
4096,608.1233333333332
4097,220.1
4098,323.35
4099,514.6
4100,1491.4
4101,275.84
4102,231.27
4103,672.6
4104,315.2
4105,1026.42
4106,746.1
4107,315.1
4108,294.55
4109,593.1
4110,375.9
4111,885.5
4112,3476.4
4113,360.2
4114,281.7
4115,1145.4
4116,1595.0
4117,361.6
4118,405.8
4119,900.5
4120,283.04
4121,282.7
4122,903.7
4123,918.6
4124,1778.0
4125,391.9
4126,718.7
4127,1060.1
4128,794.6
4129,2020.98
4130,676.7
4131,283.16
4132,839.6
4133,240.7
4134,689.7
4135,897.4
4136,942.6
4137,782.7
4138,361.4
4139,1012.2
4140,420.4
4141,523.4
4142,257.06
4143,638.3
4144,385.6
4145,758.0
4146,1165.3
4147,539.3
4148,341.2
4149,1342.0
4150,2582.6
4151,2054.2
4152,1025.2
4153,436.34
4154,1171.6
4155,1553.7
4156,265.36
4157,349.9
4158,863.5
4159,768.2
4160,976.42
4161,963.7
4162,477.2
4163,1688.0
4164,577.3
4165,768.8
4166,292.8
4167,321.8
4168,654.4866666666668
4169,632.5
4170,313.75
4171,402.6
4172,327.335
4173,308.1
4174,416.0
4175,451.28
4176,618.0
4177,298.4
4178,397.5
4179,1563.6
4180,280.9
4181,830.2666666666668
4182,1232.7
4183,730.5
4184,325.0
4185,332.95000000000005
4186,474.0
4187,455.4
4188,651.3
4189,1097.8
4190,1345.8
4191,388.66380952380945
4192,1071.8
4193,809.66
4194,353.4
4195,818.7
4196,326.22714285714284
4197,251.6
4198,398.1333333333334
4199,3186.2
4200,600.4
4201,315.4
4202,355.9
4203,436.2
4204,255.59203574203573
4205,560.896
4206,4136.2
4207,321.3
4208,589.1
4209,778.1
4210,641.5
4211,410.8
4212,767.2
4213,617.9
4214,395.2
4215,309.8
4216,412.3
4217,1693.6
4218,341.86
4219,866.4
4220,882.3
4221,775.5
4222,389.2
4223,793.5433333333334
4224,391.14
4225,445.6
4226,772.3
4227,579.8
4228,420.7
4229,312.1714126984128
4230,377.2
